model,Accuracy,ROC_AUC,Logloss,Precision,Recall,f1
Catboost baseline Holdout,0.9303903035694429,0.9773121476380169,0.1530955830581783,0.8898353208404316,0.7838919459729865,0.8335106382978723
LightGBM baseline Holdout,0.9329478483264761,0.9785039073726168,0.14940131937388595,0.9034682080924855,0.7818909454727364,0.8382944489139179
